Dataset,TargetID,SensitiveAttribute,Run,TargetModel,ProbCorrectRawIn,ProbCorrectRawOut,AdvantageRaw,ProbCorrectSynIn,ProbCorrectSynOut,AdvantageSyn,PrivacyAdvantage
0.5,ID1408,X11,0,BayesianNet,1,0.330311,0.669689,0.225862,0.217591,0.008271,0.661418
0.5,ID1408,X11,0,IndependentHistogram,1,0.330311,0.669689,0.331742,0.330694,0.001048,0.668641
0.5,ID1408,X11,0,PrivBayesEps1.0,1,0.330311,0.669689,0.168098,0.167272,0.000826,0.668863
0.5,ID1408,X11,1,BayesianNet,1,0.288088,0.711912,0.227238,0.214064,0.013174,0.698738
0.5,ID1408,X11,1,IndependentHistogram,1,0.288088,0.711912,0.333692,0.325947,0.007745,0.704167
0.5,ID1408,X11,1,PrivBayesEps1.0,1,0.288088,0.711912,0.169489,0.165987,0.003502,0.70841
0.5,ID1408,X11,2,BayesianNet,1,0.343878,0.656122,0.295999,0.29479,0.001209,0.654913
0.5,ID1408,X11,2,IndependentHistogram,1,0.343878,0.656122,0.346044,0.337239,0.008805,0.647317
0.5,ID1408,X11,2,PrivBayesEps1.0,1,0.343878,0.656122,0.156773,0.166259,-0.00949,0.665612
0.5,ID1408,X11,3,BayesianNet,1,0.36797,0.63203,0.315321,0.316315,-0.00099,0.63302
0.5,ID1408,X11,3,IndependentHistogram,1,0.36797,0.63203,0.331756,0.332726,-0.00097,0.633
0.5,ID1408,X11,3,PrivBayesEps1.0,1,0.36797,0.63203,0.161959,0.171282,-0.00932,0.64135
0.5,ID1408,X11,4,BayesianNet,1,0.365987,0.634013,0.318017,0.307682,0.010335,0.623678
0.5,ID1408,X11,4,IndependentHistogram,1,0.365987,0.634013,0.334262,0.341301,-0.00704,0.641053
0.5,ID1408,X11,4,PrivBayesEps1.0,1,0.365987,0.634013,0.168392,0.163448,0.004944,0.629069
0.5,ID1408,X11,5,BayesianNet,1,0.319443,0.680557,0.289536,0.285083,0.004453,0.676104
0.5,ID1408,X11,5,IndependentHistogram,1,0.319443,0.680557,0.331012,0.325255,0.005757,0.6748
0.5,ID1408,X11,5,PrivBayesEps1.0,1,0.319443,0.680557,0.161868,0.160997,0.000871,0.679686
0.5,ID1408,X11,6,BayesianNet,1,0.316339,0.683661,0.226973,0.2362,-0.00923,0.692891
0.5,ID1408,X11,6,IndependentHistogram,1,0.316339,0.683661,0.348978,0.345062,0.003916,0.679745
0.5,ID1408,X11,6,PrivBayesEps1.0,1,0.316339,0.683661,0.166948,0.175279,-0.00833,0.691991
0.5,ID1408,X11,7,BayesianNet,1,0.320666,0.679334,0.286854,0.289426,-0.00257,0.681904
0.5,ID1408,X11,7,IndependentHistogram,1,0.320666,0.679334,0.336402,0.327718,0.008684,0.67065
0.5,ID1408,X11,7,PrivBayesEps1.0,1,0.320666,0.679334,0.162328,0.163705,-0.00138,0.680714
0.5,ID1408,X11,8,BayesianNet,1,0.290511,0.709489,0.220407,0.201095,0.019312,0.690177
0.5,ID1408,X11,8,IndependentHistogram,1,0.290511,0.709489,0.32663,0.322512,0.004119,0.70537
0.5,ID1408,X11,8,PrivBayesEps1.0,1,0.290511,0.709489,0.169639,0.172463,-0.00282,0.712309
0.5,ID1408,X11,9,BayesianNet,1,0.305966,0.694034,0.265713,0.247386,0.018327,0.675707
0.5,ID1408,X11,9,IndependentHistogram,1,0.305966,0.694034,0.326283,0.330526,-0.00424,0.698274
0.5,ID1408,X11,9,PrivBayesEps1.0,1,0.305966,0.694034,0.154543,0.167171,-0.01263,0.706664
0.5,ID1408,X13,0,BayesianNet,1,0.564036,0.435964,0.570905,0.568123,0.002782,0.433182
0.5,ID1408,X13,0,IndependentHistogram,1,0.564036,0.435964,0.267672,0.284211,-0.01654,0.452504
0.5,ID1408,X13,0,PrivBayesEps1.0,1,0.564036,0.435964,0.166238,0.165039,0.001199,0.434765
0.5,ID1408,X13,1,BayesianNet,1,0.618708,0.381292,0.612024,0.600645,0.011379,0.369913
0.5,ID1408,X13,1,IndependentHistogram,1,0.618708,0.381292,0.269138,0.268669,0.000469,0.380823
0.5,ID1408,X13,1,PrivBayesEps1.0,1,0.618708,0.381292,0.161483,0.161473,1.05E-05,3.81E-01
0.5,ID1408,X13,2,BayesianNet,1,0.682045,0.317955,0.537146,0.547657,-0.01051,0.328465
0.5,ID1408,X13,2,IndependentHistogram,1,0.682045,0.317955,0.281598,0.276164,0.005434,0.312521
0.5,ID1408,X13,2,PrivBayesEps1.0,1,0.682045,0.317955,0.162082,0.166644,-0.00456,0.322515
0.5,ID1408,X13,3,BayesianNet,1,0.603501,0.396499,0.566712,0.56895,-0.00224,0.398739
0.5,ID1408,X13,3,IndependentHistogram,1,0.603501,0.396499,0.2734,0.270504,0.002896,0.393603
0.5,ID1408,X13,3,PrivBayesEps1.0,1,0.603501,0.396499,0.160247,0.166709,-0.00646,0.402959
0.5,ID1408,X13,4,BayesianNet,1,0.56676,0.43324,0.556496,0.560312,-0.00382,0.43706
0.5,ID1408,X13,4,IndependentHistogram,1,0.56676,0.43324,0.265783,0.261081,0.004701,0.428539
0.5,ID1408,X13,4,PrivBayesEps1.0,1,0.56676,0.43324,0.153366,0.164944,-0.01158,0.44482
0.5,ID1408,X13,5,BayesianNet,1,0.591215,0.408785,0.520802,0.522696,-0.00189,0.410675
0.5,ID1408,X13,5,IndependentHistogram,1,0.591215,0.408785,0.268719,0.269214,-0.00049,0.409275
0.5,ID1408,X13,5,PrivBayesEps1.0,1,0.591215,0.408785,0.168294,0.155134,0.013161,0.395624
0.5,ID1408,X13,6,BayesianNet,1,0.618811,0.381189,0.581353,0.59293,-0.01158,0.392769
0.5,ID1408,X13,6,IndependentHistogram,1,0.618811,0.381189,0.273981,0.28295,-0.00897,0.390159
0.5,ID1408,X13,6,PrivBayesEps1.0,1,0.618811,0.381189,0.16053,0.157053,0.003477,0.377712
0.5,ID1408,X13,7,BayesianNet,1,0.5893,0.4107,0.554401,0.56564,-0.01124,0.42194
0.5,ID1408,X13,7,IndependentHistogram,1,0.5893,0.4107,0.275791,0.26208,0.01371,0.39699
0.5,ID1408,X13,7,PrivBayesEps1.0,1,0.5893,0.4107,0.168652,0.157804,0.010848,0.399852
0.5,ID1408,X13,8,BayesianNet,1,0.630301,0.369699,0.624223,0.618546,0.005677,0.364022
0.5,ID1408,X13,8,IndependentHistogram,1,0.630301,0.369699,0.275962,0.277597,-0.00164,0.371339
0.5,ID1408,X13,8,PrivBayesEps1.0,1,0.630301,0.369699,0.148515,0.164411,-0.0159,0.385599
0.5,ID1408,X13,9,BayesianNet,1,0.566829,0.433171,0.555164,0.5577,-0.00254,0.435711
0.5,ID1408,X13,9,IndependentHistogram,1,0.566829,0.433171,0.248962,0.253642,-0.00468,0.437851
0.5,ID1408,X13,9,PrivBayesEps1.0,1,0.566829,0.433171,0.169135,0.162194,0.006941,0.42623
0.5,ID143,X11,0,BayesianNet,1,0.398816,0.601184,0.54173,0.52729,0.014441,0.586743
0.5,ID143,X11,0,IndependentHistogram,1,0.398816,0.601184,0.296822,0.299577,-0.00276,0.603944
0.5,ID143,X11,0,PrivBayesEps1.0,1,0.398816,0.601184,0.161003,0.163577,-0.00257,0.603754
0.5,ID143,X11,1,BayesianNet,1,0.409492,0.590508,0.502051,0.513901,-0.01185,0.602358
0.5,ID143,X11,1,IndependentHistogram,1,0.409492,0.590508,0.294337,0.289759,0.004578,0.58593
0.5,ID143,X11,1,PrivBayesEps1.0,1,0.409492,0.590508,0.159854,0.161497,-0.00164,0.592148
0.5,ID143,X11,2,BayesianNet,1,0.342978,0.657022,0.518865,0.512153,0.006712,0.65031
0.5,ID143,X11,2,IndependentHistogram,1,0.342978,0.657022,0.305925,0.312422,-0.0065,0.663522
0.5,ID143,X11,2,PrivBayesEps1.0,1,0.342978,0.657022,0.159004,0.156754,0.00225,0.654772
0.5,ID143,X11,3,BayesianNet,1,0.424464,0.575536,0.520747,0.517342,0.003406,0.57213
0.5,ID143,X11,3,IndependentHistogram,1,0.424464,0.575536,0.310833,0.303484,0.007349,0.568187
0.5,ID143,X11,3,PrivBayesEps1.0,1,0.424464,0.575536,0.170498,0.171347,-0.00085,0.576386
0.5,ID143,X11,4,BayesianNet,1,0.388211,0.611789,0.502263,0.503879,-0.00162,0.613409
0.5,ID143,X11,4,IndependentHistogram,1,0.388211,0.611789,0.304273,0.313665,-0.00939,0.621179
0.5,ID143,X11,4,PrivBayesEps1.0,1,0.388211,0.611789,0.157279,0.160061,-0.00278,0.614569
0.5,ID143,X11,5,BayesianNet,1,0.385595,0.614405,0.486043,0.481751,0.004292,0.610113
0.5,ID143,X11,5,IndependentHistogram,1,0.385595,0.614405,0.299326,0.296951,0.002376,0.612029
0.5,ID143,X11,5,PrivBayesEps1.0,1,0.385595,0.614405,0.173953,0.156306,0.017647,0.596758
0.5,ID143,X11,6,BayesianNet,1,0.398471,0.601529,0.53069,0.534479,-0.00379,0.605319
0.5,ID143,X11,6,IndependentHistogram,1,0.398471,0.601529,0.307553,0.312907,-0.00535,0.606879
0.5,ID143,X11,6,PrivBayesEps1.0,1,0.398471,0.601529,0.158438,0.171016,-0.01258,0.614109
0.5,ID143,X11,7,BayesianNet,1,0.399142,0.600858,0.498267,0.478675,0.019592,0.581266
0.5,ID143,X11,7,IndependentHistogram,1,0.399142,0.600858,0.298011,0.292752,0.005259,0.595599
0.5,ID143,X11,7,PrivBayesEps1.0,1,0.399142,0.600858,0.157098,0.161634,-0.00454,0.605398
0.5,ID143,X11,8,BayesianNet,1,0.363917,0.636083,0.522651,0.523868,-0.00122,0.637303
0.5,ID143,X11,8,IndependentHistogram,1,0.363917,0.636083,0.295799,0.290849,0.004951,0.631132
0.5,ID143,X11,8,PrivBayesEps1.0,1,0.363917,0.636083,0.165304,0.16855,-0.00325,0.639333
0.5,ID143,X11,9,BayesianNet,1,0.365048,0.634952,0.522528,0.494057,0.028471,0.606481
0.5,ID143,X11,9,IndependentHistogram,1,0.365048,0.634952,0.294721,0.300254,-0.00553,0.640482
0.5,ID143,X11,9,PrivBayesEps1.0,1,0.365048,0.634952,0.162728,0.16141,0.001318,0.633634
0.5,ID143,X13,0,BayesianNet,1,0.276671,0.723329,0.362174,0.362444,-0.00027,0.723599
0.5,ID143,X13,0,IndependentHistogram,1,0.276671,0.723329,0.358354,0.364123,-0.00577,0.729099
0.5,ID143,X13,0,PrivBayesEps1.0,1,0.276671,0.723329,0.177005,0.16594,0.011065,0.712264
0.5,ID143,X13,1,BayesianNet,1,0.298937,0.701063,0.383232,0.370294,0.012938,0.688125
0.5,ID143,X13,1,IndependentHistogram,1,0.298937,0.701063,0.347379,0.347546,-0.00017,0.701233
0.5,ID143,X13,1,PrivBayesEps1.0,1,0.298937,0.701063,0.172559,0.165589,0.00697,0.694093
0.5,ID143,X13,2,BayesianNet,1,0.261358,0.738642,0.417358,0.41761,-0.00025,0.738892
0.5,ID143,X13,2,IndependentHistogram,1,0.261358,0.738642,0.339248,0.341299,-0.00205,0.740692
0.5,ID143,X13,2,PrivBayesEps1.0,1,0.261358,0.738642,0.168227,0.173121,-0.00489,0.743532
0.5,ID143,X13,3,BayesianNet,1,0.289743,0.710257,0.399352,0.39637,0.002981,0.707276
0.5,ID143,X13,3,IndependentHistogram,1,0.289743,0.710257,0.351111,0.351097,1.39E-05,7.10E-01
0.5,ID143,X13,3,PrivBayesEps1.0,1,0.289743,0.710257,0.170132,0.169747,0.000385,0.709872
0.5,ID143,X13,4,BayesianNet,1,0.253998,0.746002,0.388228,0.390988,-0.00276,0.748762
0.5,ID143,X13,4,IndependentHistogram,1,0.253998,0.746002,0.345062,0.345211,-0.00015,0.746152
0.5,ID143,X13,4,PrivBayesEps1.0,1,0.253998,0.746002,0.169719,0.175872,-0.00615,0.752152
0.5,ID143,X13,5,BayesianNet,1,0.275593,0.724407,0.399706,0.396182,0.003524,0.720883
0.5,ID143,X13,5,IndependentHistogram,1,0.275593,0.724407,0.327107,0.332443,-0.00534,0.729747
0.5,ID143,X13,5,PrivBayesEps1.0,1,0.275593,0.724407,0.164444,0.16306,0.001385,0.723022
0.5,ID143,X13,6,BayesianNet,1,0.298524,0.701476,0.360846,0.383765,-0.02292,0.724396
0.5,ID143,X13,6,IndependentHistogram,1,0.298524,0.701476,0.351527,0.345487,0.00604,0.695436
0.5,ID143,X13,6,PrivBayesEps1.0,1,0.298524,0.701476,0.164182,0.168295,-0.00411,0.705586
0.5,ID143,X13,7,BayesianNet,1,0.295016,0.704984,0.414751,0.39522,0.019531,0.685453
0.5,ID143,X13,7,IndependentHistogram,1,0.295016,0.704984,0.356634,0.358964,-0.00233,0.707314
0.5,ID143,X13,7,PrivBayesEps1.0,1,0.295016,0.704984,0.162776,0.167256,-0.00448,0.709464
0.5,ID143,X13,8,BayesianNet,1,0.32196,0.67804,0.413283,0.400913,0.01237,0.66567
0.5,ID143,X13,8,IndependentHistogram,1,0.32196,0.67804,0.357125,0.354236,0.002889,0.675151
0.5,ID143,X13,8,PrivBayesEps1.0,1,0.32196,0.67804,0.165455,0.169901,-0.00445,0.68249
0.5,ID143,X13,9,BayesianNet,1,0.181165,0.818835,0.311399,0.32728,-0.01588,0.834715
0.5,ID143,X13,9,IndependentHistogram,1,0.181165,0.818835,0.340452,0.340609,-0.00016,0.818995
0.5,ID143,X13,9,PrivBayesEps1.0,1,0.181165,0.818835,0.164036,0.163514,0.000522,0.818313
0.5,ID2624,X11,0,BayesianNet,1,0.594762,0.405238,0.295971,0.25875,0.037222,0.368016
0.5,ID2624,X11,0,IndependentHistogram,1,0.594762,0.405238,0.161575,0.145893,0.015681,0.389557
0.5,ID2624,X11,0,PrivBayesEps1.0,1,0.594762,0.405238,0.150532,0.131364,0.019168,0.38607
0.5,ID2624,X11,1,BayesianNet,1,0.599776,0.400224,0.363489,0.385571,-0.02208,0.422304
0.5,ID2624,X11,1,IndependentHistogram,1,0.599776,0.400224,0.134416,0.13345,0.000966,0.399258
0.5,ID2624,X11,1,PrivBayesEps1.0,1,0.599776,0.400224,0.13636,0.139397,-0.00304,0.403264
0.5,ID2624,X11,2,BayesianNet,1,0.704506,0.295494,0.368762,0.391663,-0.0229,0.318394
0.5,ID2624,X11,2,IndependentHistogram,1,0.704506,0.295494,0.139629,0.165012,-0.02538,0.320874
0.5,ID2624,X11,2,PrivBayesEps1.0,1,0.704506,0.295494,0.1302,0.117756,0.012444,0.28305
0.5,ID2624,X11,3,BayesianNet,1,0.605205,0.394795,0.335011,0.326242,0.008769,0.386026
0.5,ID2624,X11,3,IndependentHistogram,1,0.605205,0.394795,0.159934,0.154667,0.005266,0.389529
0.5,ID2624,X11,3,PrivBayesEps1.0,1,0.605205,0.394795,0.151685,0.161482,-0.0098,0.404595
0.5,ID2624,X11,4,BayesianNet,1,0.64192,0.35808,0.315589,0.335876,-0.02029,0.37837
0.5,ID2624,X11,4,IndependentHistogram,1,0.64192,0.35808,0.156472,0.166187,-0.00972,0.3678
0.5,ID2624,X11,4,PrivBayesEps1.0,1,0.64192,0.35808,0.13793,0.13513,0.0028,0.35528
0.5,ID2624,X11,5,BayesianNet,1,0.608959,0.391041,0.342782,0.353885,-0.0111,0.402141
0.5,ID2624,X11,5,IndependentHistogram,1,0.608959,0.391041,0.14664,0.145124,0.001516,0.389525
0.5,ID2624,X11,5,PrivBayesEps1.0,1,0.608959,0.391041,0.137352,0.132544,0.004809,0.386232
0.5,ID2624,X11,6,BayesianNet,1,0.632066,0.367934,0.379534,0.386921,-0.00739,0.375324
0.5,ID2624,X11,6,IndependentHistogram,1,0.632066,0.367934,0.143766,0.147544,-0.00378,0.371714
0.5,ID2624,X11,6,PrivBayesEps1.0,1,0.632066,0.367934,0.132377,0.145118,-0.01274,0.380674
0.5,ID2624,X11,7,BayesianNet,1,0.594946,0.405054,0.392386,0.429317,-0.03693,0.441984
0.5,ID2624,X11,7,IndependentHistogram,1,0.594946,0.405054,0.151708,0.139609,0.012098,0.392956
0.5,ID2624,X11,7,PrivBayesEps1.0,1,0.594946,0.405054,0.155217,0.14546,0.009757,0.395297
0.5,ID2624,X11,8,BayesianNet,1,0.617633,0.382367,0.314973,0.310133,0.00484,0.377527
0.5,ID2624,X11,8,IndependentHistogram,1,0.617633,0.382367,0.15783,0.142546,0.015285,0.367082
0.5,ID2624,X11,8,PrivBayesEps1.0,1,0.617633,0.382367,0.111326,0.142593,-0.03127,0.413637
0.5,ID2624,X11,9,BayesianNet,1,0.630614,0.369386,0.318631,0.338688,-0.02006,0.389446
0.5,ID2624,X11,9,IndependentHistogram,1,0.630614,0.369386,0.163669,0.149755,0.013914,0.355472
0.5,ID2624,X11,9,PrivBayesEps1.0,1,0.630614,0.369386,0.124577,0.126108,-0.00153,0.370916
0.5,ID2624,X13,0,BayesianNet,1,0.329638,0.670362,0.152746,0.145678,0.007068,0.663294
0.5,ID2624,X13,0,IndependentHistogram,1,0.329638,0.670362,0.26037,0.273192,-0.01282,0.683182
0.5,ID2624,X13,0,PrivBayesEps1.0,1,0.329638,0.670362,0.161093,0.143786,0.017307,0.653055
0.5,ID2624,X13,1,BayesianNet,1,0.269604,0.730396,0.171689,0.109365,0.062324,0.668072
0.5,ID2624,X13,1,IndependentHistogram,1,0.269604,0.730396,0.249477,0.245629,0.003848,0.726548
0.5,ID2624,X13,1,PrivBayesEps1.0,1,0.269604,0.730396,0.165127,0.144471,0.020657,0.709739
0.5,ID2624,X13,2,BayesianNet,1,0.292272,0.707728,0.149266,0.171257,-0.02199,0.729718
0.5,ID2624,X13,2,IndependentHistogram,1,0.292272,0.707728,0.243136,0.247498,-0.00436,0.712088
0.5,ID2624,X13,2,PrivBayesEps1.0,1,0.292272,0.707728,0.150253,0.168466,-0.01821,0.725938
0.5,ID2624,X13,3,BayesianNet,1,0.307105,0.692895,0.180786,0.187632,-0.00685,0.699745
0.5,ID2624,X13,3,IndependentHistogram,1,0.307105,0.692895,0.254213,0.256328,-0.00211,0.695005
0.5,ID2624,X13,3,PrivBayesEps1.0,1,0.307105,0.692895,0.148122,0.149566,-0.00144,0.694335
0.5,ID2624,X13,4,BayesianNet,1,0.295797,0.704203,0.195852,0.18031,0.015543,0.68866
0.5,ID2624,X13,4,IndependentHistogram,1,0.295797,0.704203,0.253365,0.24814,0.005226,0.698977
0.5,ID2624,X13,4,PrivBayesEps1.0,1,0.295797,0.704203,0.16651,0.161707,0.004803,0.6994
0.5,ID2624,X13,5,BayesianNet,1,0.275755,0.724245,0.193042,0.172529,0.020513,0.703732
0.5,ID2624,X13,5,IndependentHistogram,1,0.275755,0.724245,0.245046,0.261471,-0.01643,0.740675
0.5,ID2624,X13,5,PrivBayesEps1.0,1,0.275755,0.724245,0.168244,0.159505,0.008739,0.715506
0.5,ID2624,X13,6,BayesianNet,1,0.324511,0.675489,0.181796,0.132042,0.049754,0.625735
0.5,ID2624,X13,6,IndependentHistogram,1,0.324511,0.675489,0.241359,0.2634,-0.02204,0.697529
0.5,ID2624,X13,6,PrivBayesEps1.0,1,0.324511,0.675489,0.152553,0.148018,0.004536,0.670953
0.5,ID2624,X13,7,BayesianNet,1,0.307151,0.692849,0.225511,0.200046,0.025465,0.667384
0.5,ID2624,X13,7,IndependentHistogram,1,0.307151,0.692849,0.246635,0.251016,-0.00438,0.697229
0.5,ID2624,X13,7,PrivBayesEps1.0,1,0.307151,0.692849,0.158304,0.148548,0.009756,0.683093
0.5,ID2624,X13,8,BayesianNet,1,0.354507,0.645493,0.146574,0.148583,-0.00201,0.647503
0.5,ID2624,X13,8,IndependentHistogram,1,0.354507,0.645493,0.244296,0.233042,0.011255,0.634238
0.5,ID2624,X13,8,PrivBayesEps1.0,1,0.354507,0.645493,0.14581,0.149974,-0.00416,0.649653
0.5,ID2624,X13,9,BayesianNet,1,0.206719,0.793281,0.117927,0.122596,-0.00467,0.797951
0.5,ID2624,X13,9,IndependentHistogram,1,0.206719,0.793281,0.260141,0.294869,-0.03473,0.828011
0.5,ID2624,X13,9,PrivBayesEps1.0,1,0.206719,0.793281,0.1569,0.145588,0.011311,0.78197
0.5,ID2742,X11,0,BayesianNet,1,0.33732,0.66268,0.53132,0.530963,0.000358,0.662322
0.5,ID2742,X11,0,IndependentHistogram,1,0.33732,0.66268,0.333729,0.331436,0.002293,0.660387
0.5,ID2742,X11,0,PrivBayesEps1.0,1,0.33732,0.66268,0.163789,0.171043,-0.00725,0.66993
0.5,ID2742,X11,1,BayesianNet,1,0.433132,0.566868,0.566895,0.560803,0.006092,0.560776
0.5,ID2742,X11,1,IndependentHistogram,1,0.433132,0.566868,0.33036,0.338036,-0.00768,0.574548
0.5,ID2742,X11,1,PrivBayesEps1.0,1,0.433132,0.566868,0.168527,0.175634,-0.00711,0.573978
0.5,ID2742,X11,2,BayesianNet,1,0.305014,0.694986,0.520883,0.511032,0.00985,0.685136
0.5,ID2742,X11,2,IndependentHistogram,1,0.305014,0.694986,0.340011,0.341064,-0.00105,0.696036
0.5,ID2742,X11,2,PrivBayesEps1.0,1,0.305014,0.694986,0.171421,0.178308,-0.00689,0.701876
0.5,ID2742,X11,3,BayesianNet,1,0.324299,0.675701,0.479147,0.477558,0.001589,0.674112
0.5,ID2742,X11,3,IndependentHistogram,1,0.324299,0.675701,0.329436,0.331287,-0.00185,0.677551
0.5,ID2742,X11,3,PrivBayesEps1.0,1,0.324299,0.675701,0.163343,0.171272,-0.00793,0.683631
0.5,ID2742,X11,4,BayesianNet,1,0.307514,0.692486,0.489572,0.474267,0.015304,0.677182
0.5,ID2742,X11,4,IndependentHistogram,1,0.307514,0.692486,0.33534,0.338134,-0.00279,0.695276
0.5,ID2742,X11,4,PrivBayesEps1.0,1,0.307514,0.692486,0.178898,0.164899,0.013999,0.678487
0.5,ID2742,X11,5,BayesianNet,1,0.381817,0.618183,0.49464,0.490719,0.003921,0.614262
0.5,ID2742,X11,5,IndependentHistogram,1,0.381817,0.618183,0.33286,0.335327,-0.00247,0.620653
0.5,ID2742,X11,5,PrivBayesEps1.0,1,0.381817,0.618183,0.165696,0.165604,9.14E-05,6.18E-01
0.5,ID2742,X11,6,BayesianNet,1,0.370206,0.629794,0.536189,0.547179,-0.01099,0.640784
0.5,ID2742,X11,6,IndependentHistogram,1,0.370206,0.629794,0.344845,0.341622,0.003223,0.626571
0.5,ID2742,X11,6,PrivBayesEps1.0,1,0.370206,0.629794,0.166421,0.176219,-0.0098,0.639594
0.5,ID2742,X11,7,BayesianNet,1,0.392543,0.607457,0.508041,0.504807,0.003235,0.604222
0.5,ID2742,X11,7,IndependentHistogram,1,0.392543,0.607457,0.335939,0.335138,0.000801,0.606656
0.5,ID2742,X11,7,PrivBayesEps1.0,1,0.392543,0.607457,0.167701,0.164136,0.003565,0.603892
0.5,ID2742,X11,8,BayesianNet,1,0.372766,0.627234,0.553341,0.557593,-0.00425,0.631484
0.5,ID2742,X11,8,IndependentHistogram,1,0.372766,0.627234,0.331983,0.327953,0.00403,0.623204
0.5,ID2742,X11,8,PrivBayesEps1.0,1,0.372766,0.627234,0.170667,0.168537,0.00213,0.625104
0.5,ID2742,X11,9,BayesianNet,1,0.361037,0.638963,0.516773,0.530355,-0.01358,0.652543
0.5,ID2742,X11,9,IndependentHistogram,1,0.361037,0.638963,0.327055,0.339451,-0.0124,0.651363
0.5,ID2742,X11,9,PrivBayesEps1.0,1,0.361037,0.638963,0.167702,0.169833,-0.00213,0.641093
0.5,ID2742,X13,0,BayesianNet,1,0.3513,0.6487,0.471736,0.472965,-0.00123,0.64993
0.5,ID2742,X13,0,IndependentHistogram,1,0.3513,0.6487,0.341491,0.348636,-0.00714,0.65584
0.5,ID2742,X13,0,PrivBayesEps1.0,1,0.3513,0.6487,0.154834,0.169273,-0.01444,0.66314
0.5,ID2742,X13,1,BayesianNet,1,0.320482,0.679518,0.430211,0.426828,0.003383,0.676135
0.5,ID2742,X13,1,IndependentHistogram,1,0.320482,0.679518,0.337304,0.332852,0.004452,0.675066
0.5,ID2742,X13,1,PrivBayesEps1.0,1,0.320482,0.679518,0.166616,0.167284,-0.00067,0.680188
0.5,ID2742,X13,2,BayesianNet,1,0.208693,0.791307,0.347597,0.347179,0.000418,0.790889
0.5,ID2742,X13,2,IndependentHistogram,1,0.208693,0.791307,0.331668,0.332884,-0.00122,0.792527
0.5,ID2742,X13,2,PrivBayesEps1.0,1,0.208693,0.791307,0.165368,0.172406,-0.00704,0.798347
0.5,ID2742,X13,3,BayesianNet,1,0.327491,0.672509,0.434239,0.426231,0.008009,0.6645
0.5,ID2742,X13,3,IndependentHistogram,1,0.327491,0.672509,0.336637,0.336332,0.000305,0.672204
0.5,ID2742,X13,3,PrivBayesEps1.0,1,0.327491,0.672509,0.162283,0.171858,-0.00958,0.682089
0.5,ID2742,X13,4,BayesianNet,1,0.335017,0.664983,0.435345,0.430663,0.004683,0.6603
0.5,ID2742,X13,4,IndependentHistogram,1,0.335017,0.664983,0.32813,0.327314,0.000816,0.664167
0.5,ID2742,X13,4,PrivBayesEps1.0,1,0.335017,0.664983,0.164723,0.173926,-0.0092,0.674183
0.5,ID2742,X13,5,BayesianNet,1,0.293848,0.706152,0.373765,0.370496,0.00327,0.702882
0.5,ID2742,X13,5,IndependentHistogram,1,0.293848,0.706152,0.321516,0.320788,0.000728,0.705424
0.5,ID2742,X13,5,PrivBayesEps1.0,1,0.293848,0.706152,0.172471,0.160918,0.011554,0.694598
0.5,ID2742,X13,6,BayesianNet,1,0.273165,0.726835,0.391504,0.398627,-0.00712,0.733955
0.5,ID2742,X13,6,IndependentHistogram,1,0.273165,0.726835,0.327452,0.336558,-0.00911,0.735945
0.5,ID2742,X13,6,PrivBayesEps1.0,1,0.273165,0.726835,0.175838,0.166118,0.00972,0.717115
0.5,ID2742,X13,7,BayesianNet,1,0.352928,0.647072,0.426076,0.419245,0.006831,0.640241
0.5,ID2742,X13,7,IndependentHistogram,1,0.352928,0.647072,0.336429,0.333935,0.002495,0.644577
0.5,ID2742,X13,7,PrivBayesEps1.0,1,0.352928,0.647072,0.169614,0.166084,0.00353,0.643542
0.5,ID2742,X13,8,BayesianNet,1,0.308813,0.691187,0.44181,0.454281,-0.01247,0.703657
0.5,ID2742,X13,8,IndependentHistogram,1,0.308813,0.691187,0.349495,0.342325,0.00717,0.684017
0.5,ID2742,X13,8,PrivBayesEps1.0,1,0.308813,0.691187,0.17683,0.17086,0.00597,0.685217
0.5,ID2742,X13,9,BayesianNet,1,0.340485,0.659515,0.44473,0.430677,0.014053,0.645462
0.5,ID2742,X13,9,IndependentHistogram,1,0.340485,0.659515,0.309837,0.315839,-0.006,0.665515
0.5,ID2742,X13,9,PrivBayesEps1.0,1,0.340485,0.659515,0.165769,0.1657,6.88E-05,6.59E-01
0.5,ID2926,X11,0,BayesianNet,1,0.52398,0.47602,0.410299,0.382917,0.027382,0.448638
0.5,ID2926,X11,0,IndependentHistogram,1,0.52398,0.47602,0.330724,0.336366,-0.00564,0.48166
0.5,ID2926,X11,0,PrivBayesEps1.0,1,0.52398,0.47602,0.165202,0.170167,-0.00496,0.48098
0.5,ID2926,X11,1,BayesianNet,1,0.507386,0.492614,0.446991,0.410576,0.036414,0.4562
0.5,ID2926,X11,1,IndependentHistogram,1,0.507386,0.492614,0.343725,0.342769,0.000956,0.491658
0.5,ID2926,X11,1,PrivBayesEps1.0,1,0.507386,0.492614,0.165402,0.173951,-0.00855,0.501164
0.5,ID2926,X11,2,BayesianNet,1,0.630056,0.369944,0.299461,0.301656,-0.0022,0.372144
0.5,ID2926,X11,2,IndependentHistogram,1,0.630056,0.369944,0.355312,0.345143,0.010169,0.359775
0.5,ID2926,X11,2,PrivBayesEps1.0,1,0.630056,0.369944,0.174323,0.176492,-0.00217,0.372114
0.5,ID2926,X11,3,BayesianNet,1,0.558698,0.441302,0.307545,0.300423,0.007122,0.43418
0.5,ID2926,X11,3,IndependentHistogram,1,0.558698,0.441302,0.334074,0.336733,-0.00266,0.443962
0.5,ID2926,X11,3,PrivBayesEps1.0,1,0.558698,0.441302,0.174403,0.172305,0.002098,0.439204
0.5,ID2926,X11,4,BayesianNet,1,0.576155,0.423845,0.292002,0.300319,-0.00832,0.432165
0.5,ID2926,X11,4,IndependentHistogram,1,0.576155,0.423845,0.347039,0.346161,0.000878,0.422967
0.5,ID2926,X11,4,PrivBayesEps1.0,1,0.576155,0.423845,0.16651,0.165158,0.001352,0.422493
0.5,ID2926,X11,5,BayesianNet,1,0.532423,0.467577,0.267792,0.257733,0.010059,0.457518
0.5,ID2926,X11,5,IndependentHistogram,1,0.532423,0.467577,0.341345,0.33904,0.002304,0.465273
0.5,ID2926,X11,5,PrivBayesEps1.0,1,0.532423,0.467577,0.173718,0.165573,0.008144,0.459433
0.5,ID2926,X11,6,BayesianNet,1,0.585072,0.414928,0.481343,0.482945,-0.0016,0.416528
0.5,ID2926,X11,6,IndependentHistogram,1,0.585072,0.414928,0.354931,0.34875,0.006181,0.408747
0.5,ID2926,X11,6,PrivBayesEps1.0,1,0.585072,0.414928,0.167284,0.1775,-0.01022,0.425148
0.5,ID2926,X11,7,BayesianNet,1,0.49595,0.50405,0.27094,0.280794,-0.00985,0.5139
0.5,ID2926,X11,7,IndependentHistogram,1,0.49595,0.50405,0.344107,0.34128,0.002827,0.501223
0.5,ID2926,X11,7,PrivBayesEps1.0,1,0.49595,0.50405,0.159769,0.165273,-0.0055,0.50955
0.5,ID2926,X11,8,BayesianNet,1,0.514631,0.485369,0.389474,0.383948,0.005525,0.479844
0.5,ID2926,X11,8,IndependentHistogram,1,0.514631,0.485369,0.338367,0.333662,0.004706,0.480663
0.5,ID2926,X11,8,PrivBayesEps1.0,1,0.514631,0.485369,0.165692,0.170959,-0.00527,0.490639
0.5,ID2926,X11,9,BayesianNet,1,0.492531,0.507469,0.225856,0.229554,-0.0037,0.511169
0.5,ID2926,X11,9,IndependentHistogram,1,0.492531,0.507469,0.341671,0.344079,-0.00241,0.509879
0.5,ID2926,X11,9,PrivBayesEps1.0,1,0.492531,0.507469,0.166881,0.169975,-0.00309,0.510559
0.5,ID2926,X13,0,BayesianNet,1,0.448181,0.551819,0.192627,0.191477,0.00115,0.550669
0.5,ID2926,X13,0,IndependentHistogram,1,0.448181,0.551819,0.22843,0.217973,0.010456,0.541363
0.5,ID2926,X13,0,PrivBayesEps1.0,1,0.448181,0.551819,0.136519,0.143325,-0.00681,0.558629
0.5,ID2926,X13,1,BayesianNet,1,0.380744,0.619256,0.188895,0.157526,0.031368,0.587888
0.5,ID2926,X13,1,IndependentHistogram,1,0.380744,0.619256,0.227652,0.228312,-0.00066,0.619916
0.5,ID2926,X13,1,PrivBayesEps1.0,1,0.380744,0.619256,0.135104,0.143274,-0.00817,0.627426
0.5,ID2926,X13,2,BayesianNet,1,0.428702,0.571298,0.161527,0.167683,-0.00616,0.577458
0.5,ID2926,X13,2,IndependentHistogram,1,0.428702,0.571298,0.213576,0.212264,0.001312,0.569986
0.5,ID2926,X13,2,PrivBayesEps1.0,1,0.428702,0.571298,0.164779,0.156123,0.008656,0.562642
0.5,ID2926,X13,3,BayesianNet,1,0.414697,0.585303,0.186475,0.201306,-0.01483,0.600133
0.5,ID2926,X13,3,IndependentHistogram,1,0.414697,0.585303,0.224626,0.230796,-0.00617,0.591473
0.5,ID2926,X13,3,PrivBayesEps1.0,1,0.414697,0.585303,0.148844,0.147397,0.001447,0.583856
0.5,ID2926,X13,4,BayesianNet,1,0.46489,0.53511,0.204367,0.198388,0.005979,0.529131
0.5,ID2926,X13,4,IndependentHistogram,1,0.46489,0.53511,0.231843,0.232871,-0.00103,0.53614
0.5,ID2926,X13,4,PrivBayesEps1.0,1,0.46489,0.53511,0.145665,0.157684,-0.01202,0.54713
0.5,ID2926,X13,5,BayesianNet,1,0.427828,0.572172,0.195035,0.191367,0.003668,0.568504
0.5,ID2926,X13,5,IndependentHistogram,1,0.427828,0.572172,0.220224,0.22065,-0.00043,0.572602
0.5,ID2926,X13,5,PrivBayesEps1.0,1,0.427828,0.572172,0.161413,0.144331,0.017082,0.55509
0.5,ID2926,X13,6,BayesianNet,1,0.405214,0.594786,0.145302,0.154177,-0.00888,0.603666
0.5,ID2926,X13,6,IndependentHistogram,1,0.405214,0.594786,0.216818,0.216469,0.00035,0.594436
0.5,ID2926,X13,6,PrivBayesEps1.0,1,0.405214,0.594786,0.152484,0.151491,0.000993,0.593793
0.5,ID2926,X13,7,BayesianNet,1,0.416111,0.583889,0.206744,0.20857,-0.00183,0.585719
0.5,ID2926,X13,7,IndependentHistogram,1,0.416111,0.583889,0.228297,0.230186,-0.00189,0.585779
0.5,ID2926,X13,7,PrivBayesEps1.0,1,0.416111,0.583889,0.157927,0.151016,0.00691,0.576979
0.5,ID2926,X13,8,BayesianNet,1,0.372762,0.627238,0.134171,0.148173,-0.014,0.641238
0.5,ID2926,X13,8,IndependentHistogram,1,0.372762,0.627238,0.208834,0.220607,-0.01177,0.639008
0.5,ID2926,X13,8,PrivBayesEps1.0,1,0.372762,0.627238,0.149201,0.150109,-0.00091,0.628148
0.5,ID2926,X13,9,BayesianNet,1,0.554915,0.445085,0.261803,0.249589,0.012214,0.432871
0.5,ID2926,X13,9,IndependentHistogram,1,0.554915,0.445085,0.243909,0.238145,0.005764,0.439321
0.5,ID2926,X13,9,PrivBayesEps1.0,1,0.554915,0.445085,0.154481,0.142841,0.011641,0.433444
0.5,ID3143,X11,0,BayesianNet,1,0.527889,0.472111,0.543284,0.538578,0.004705,0.467406
0.5,ID3143,X11,0,IndependentHistogram,1,0.527889,0.472111,0.225429,0.233445,-0.00802,0.480131
0.5,ID3143,X11,0,PrivBayesEps1.0,1,0.527889,0.472111,0.14938,0.155719,-0.00634,0.478451
0.5,ID3143,X11,1,BayesianNet,1,0.507206,0.492794,0.521744,0.519353,0.002392,0.490402
0.5,ID3143,X11,1,IndependentHistogram,1,0.507206,0.492794,0.227022,0.221822,0.0052,0.487594
0.5,ID3143,X11,1,PrivBayesEps1.0,1,0.507206,0.492794,0.153662,0.14849,0.005172,0.487622
0.5,ID3143,X11,2,BayesianNet,1,0.542687,0.457313,0.406679,0.403873,0.002806,0.454507
0.5,ID3143,X11,2,IndependentHistogram,1,0.542687,0.457313,0.229092,0.25248,-0.02339,0.480703
0.5,ID3143,X11,2,PrivBayesEps1.0,1,0.542687,0.457313,0.155982,0.138414,0.017567,0.439746
0.5,ID3143,X11,3,BayesianNet,1,0.532909,0.467091,0.403959,0.420327,-0.01637,0.483461
0.5,ID3143,X11,3,IndependentHistogram,1,0.532909,0.467091,0.242185,0.242364,-0.00018,0.467271
0.5,ID3143,X11,3,PrivBayesEps1.0,1,0.532909,0.467091,0.144223,0.16596,-0.02174,0.488831
0.5,ID3143,X11,4,BayesianNet,1,0.528464,0.471536,0.414324,0.416644,-0.00232,0.473856
0.5,ID3143,X11,4,IndependentHistogram,1,0.528464,0.471536,0.234439,0.250234,-0.01579,0.487326
0.5,ID3143,X11,4,PrivBayesEps1.0,1,0.528464,0.471536,0.147507,0.151595,-0.00409,0.475626
0.5,ID3143,X11,5,BayesianNet,1,0.504904,0.495096,0.370034,0.37541,-0.00538,0.500476
0.5,ID3143,X11,5,IndependentHistogram,1,0.504904,0.495096,0.245167,0.233225,0.011941,0.483155
0.5,ID3143,X11,5,PrivBayesEps1.0,1,0.504904,0.495096,0.157993,0.146136,0.011857,0.483239
0.5,ID3143,X11,6,BayesianNet,1,0.556732,0.443268,0.551965,0.559885,-0.00792,0.451188
0.5,ID3143,X11,6,IndependentHistogram,1,0.556732,0.443268,0.242434,0.241874,0.00056,0.442708
0.5,ID3143,X11,6,PrivBayesEps1.0,1,0.556732,0.443268,0.144707,0.160085,-0.01538,0.458648
0.5,ID3143,X11,7,BayesianNet,1,0.482604,0.517396,0.380775,0.366678,0.014097,0.503299
0.5,ID3143,X11,7,IndependentHistogram,1,0.482604,0.517396,0.228857,0.224354,0.004502,0.512894
0.5,ID3143,X11,7,PrivBayesEps1.0,1,0.482604,0.517396,0.159474,0.153958,0.005516,0.51188
0.5,ID3143,X11,8,BayesianNet,1,0.518139,0.481861,0.535326,0.536848,-0.00152,0.483381
0.5,ID3143,X11,8,IndependentHistogram,1,0.518139,0.481861,0.239106,0.223252,0.015854,0.466007
0.5,ID3143,X11,8,PrivBayesEps1.0,1,0.518139,0.481861,0.147305,0.159224,-0.01192,0.493781
0.5,ID3143,X11,9,BayesianNet,1,0.489661,0.510339,0.415659,0.385479,0.03018,0.480159
0.5,ID3143,X11,9,IndependentHistogram,1,0.489661,0.510339,0.239028,0.236477,0.002551,0.507788
0.5,ID3143,X11,9,PrivBayesEps1.0,1,0.489661,0.510339,0.154254,0.147748,0.006506,0.503833
0.5,ID3143,X13,0,BayesianNet,1,0.653172,0.346828,0.531063,0.518284,0.012779,0.334049
0.5,ID3143,X13,0,IndependentHistogram,1,0.653172,0.346828,0.115754,0.114846,0.000907,0.345921
0.5,ID3143,X13,0,PrivBayesEps1.0,1,0.653172,0.346828,0.127516,0.117809,0.009707,0.337121
0.5,ID3143,X13,1,BayesianNet,1,0.642332,0.357668,0.540223,0.546345,-0.00612,0.363788
0.5,ID3143,X13,1,IndependentHistogram,1,0.642332,0.357668,0.105217,0.117668,-0.01245,0.370118
0.5,ID3143,X13,1,PrivBayesEps1.0,1,0.642332,0.357668,0.123603,0.115941,0.007663,0.350005
0.5,ID3143,X13,2,BayesianNet,1,0.728223,0.271777,0.509111,0.497567,0.011544,0.260233
0.5,ID3143,X13,2,IndependentHistogram,1,0.728223,0.271777,0.11405,0.114262,-0.00021,0.271987
0.5,ID3143,X13,2,PrivBayesEps1.0,1,0.728223,0.271777,0.124388,0.14273,-0.01834,0.290117
0.5,ID3143,X13,3,BayesianNet,1,0.654799,0.345201,0.492425,0.490177,0.002248,0.342953
0.5,ID3143,X13,3,IndependentHistogram,1,0.654799,0.345201,0.121525,0.123085,-0.00156,0.346761
0.5,ID3143,X13,3,PrivBayesEps1.0,1,0.654799,0.345201,0.12326,0.121261,0.002,0.343201
0.5,ID3143,X13,4,BayesianNet,1,0.662066,0.337934,0.493434,0.485915,0.007519,0.330415
0.5,ID3143,X13,4,IndependentHistogram,1,0.662066,0.337934,0.125498,0.122064,0.003433,0.334501
0.5,ID3143,X13,4,PrivBayesEps1.0,1,0.662066,0.337934,0.134318,0.133782,0.000536,0.337398
0.5,ID3143,X13,5,BayesianNet,1,0.629387,0.370613,0.483414,0.481138,0.002276,0.368337
0.5,ID3143,X13,5,IndependentHistogram,1,0.629387,0.370613,0.119747,0.130901,-0.01115,0.381763
0.5,ID3143,X13,5,PrivBayesEps1.0,1,0.629387,0.370613,0.121067,0.133276,-0.01221,0.382823
0.5,ID3143,X13,6,BayesianNet,1,0.660825,0.339175,0.534309,0.533612,0.000697,0.338478
0.5,ID3143,X13,6,IndependentHistogram,1,0.660825,0.339175,0.110942,0.121923,-0.01098,0.350155
0.5,ID3143,X13,6,PrivBayesEps1.0,1,0.660825,0.339175,0.131304,0.122873,0.008431,0.330744
0.5,ID3143,X13,7,BayesianNet,1,0.631759,0.368241,0.499978,0.488476,0.011502,0.356739
0.5,ID3143,X13,7,IndependentHistogram,1,0.631759,0.368241,0.111141,0.113396,-0.00226,0.370501
0.5,ID3143,X13,7,PrivBayesEps1.0,1,0.631759,0.368241,0.132792,0.124242,0.008551,0.35969
0.5,ID3143,X13,8,BayesianNet,1,0.665208,0.334792,0.513328,0.519139,-0.00581,0.340602
0.5,ID3143,X13,8,IndependentHistogram,1,0.665208,0.334792,0.113733,0.102564,0.011169,0.323623
0.5,ID3143,X13,8,PrivBayesEps1.0,1,0.665208,0.334792,0.124891,0.12413,0.000762,0.33403
0.5,ID3143,X13,9,BayesianNet,1,0.644461,0.355539,0.540678,0.535561,0.005117,0.350422
0.5,ID3143,X13,9,IndependentHistogram,1,0.644461,0.355539,0.146224,0.15295,-0.00673,0.362269
0.5,ID3143,X13,9,PrivBayesEps1.0,1,0.644461,0.355539,0.109343,0.11892,-0.00958,0.365119
0.5,ID408,X11,0,BayesianNet,1,0.6269,0.3731,0.575754,0.575238,0.000516,0.372584
0.5,ID408,X11,0,IndependentHistogram,1,0.6269,0.3731,0.335924,0.338271,-0.00235,0.37545
0.5,ID408,X11,0,PrivBayesEps1.0,1,0.6269,0.3731,0.16875,0.171154,-0.0024,0.3755
0.5,ID408,X11,1,BayesianNet,1,0.632149,0.367851,0.604146,0.592328,0.011818,0.356033
0.5,ID408,X11,1,IndependentHistogram,1,0.632149,0.367851,0.344972,0.344219,0.000753,0.367098
0.5,ID408,X11,1,PrivBayesEps1.0,1,0.632149,0.367851,0.166819,0.175131,-0.00831,0.376161
0.5,ID408,X11,2,BayesianNet,1,0.652233,0.347767,0.570904,0.579895,-0.00899,0.356757
0.5,ID408,X11,2,IndependentHistogram,1,0.652233,0.347767,0.34984,0.347555,0.002285,0.345482
0.5,ID408,X11,2,PrivBayesEps1.0,1,0.652233,0.347767,0.16545,0.177024,-0.01157,0.359337
0.5,ID408,X11,3,BayesianNet,1,0.605176,0.394824,0.552093,0.55524,-0.00315,0.397974
0.5,ID408,X11,3,IndependentHistogram,1,0.605176,0.394824,0.331153,0.338774,-0.00762,0.402444
0.5,ID408,X11,3,PrivBayesEps1.0,1,0.605176,0.394824,0.168334,0.171904,-0.00357,0.398394
0.5,ID408,X11,4,BayesianNet,1,0.614163,0.385837,0.550741,0.548407,0.002334,0.383503
0.5,ID408,X11,4,IndependentHistogram,1,0.614163,0.385837,0.340661,0.347215,-0.00655,0.392387
0.5,ID408,X11,4,PrivBayesEps1.0,1,0.614163,0.385837,0.176375,0.165431,0.010945,0.374892
0.5,ID408,X11,5,BayesianNet,1,0.607077,0.392923,0.545403,0.54165,0.003753,0.38917
0.5,ID408,X11,5,IndependentHistogram,1,0.607077,0.392923,0.346137,0.340942,0.005195,0.387728
0.5,ID408,X11,5,PrivBayesEps1.0,1,0.607077,0.392923,0.169339,0.165718,0.003621,0.389302
0.5,ID408,X11,6,BayesianNet,1,0.627453,0.372547,0.595623,0.593598,0.002025,0.370522
0.5,ID408,X11,6,IndependentHistogram,1,0.627453,0.372547,0.351992,0.350563,0.001428,0.371119
0.5,ID408,X11,6,PrivBayesEps1.0,1,0.627453,0.372547,0.175469,0.177294,-0.00183,0.374377
0.5,ID408,X11,7,BayesianNet,1,0.610416,0.389584,0.566209,0.568425,-0.00222,0.391804
0.5,ID408,X11,7,IndependentHistogram,1,0.610416,0.389584,0.344932,0.342463,0.002469,0.387115
0.5,ID408,X11,7,PrivBayesEps1.0,1,0.610416,0.389584,0.167051,0.16501,0.002041,0.387543
0.5,ID408,X11,8,BayesianNet,1,0.642268,0.357732,0.591736,0.594019,-0.00228,0.360012
0.5,ID408,X11,8,IndependentHistogram,1,0.642268,0.357732,0.340151,0.33407,0.006081,0.351651
0.5,ID408,X11,8,PrivBayesEps1.0,1,0.642268,0.357732,0.173874,0.17084,0.003034,0.354698
0.5,ID408,X11,9,BayesianNet,1,0.652088,0.347912,0.581534,0.576936,0.004598,0.343314
0.5,ID408,X11,9,IndependentHistogram,1,0.652088,0.347912,0.345359,0.345661,-0.0003,0.348212
0.5,ID408,X11,9,PrivBayesEps1.0,1,0.652088,0.347912,0.170417,0.170126,0.000291,0.347621
0.5,ID408,X13,0,BayesianNet,1,0.597201,0.402799,0.533825,0.537845,-0.00402,0.406819
0.5,ID408,X13,0,IndependentHistogram,1,0.597201,0.402799,0.361538,0.365504,-0.00397,0.406769
0.5,ID408,X13,0,PrivBayesEps1.0,1,0.597201,0.402799,0.175889,0.1668,0.00909,0.393709
0.5,ID408,X13,1,BayesianNet,1,0.570889,0.429111,0.52276,0.532441,-0.00968,0.438791
0.5,ID408,X13,1,IndependentHistogram,1,0.570889,0.429111,0.353278,0.349589,0.00369,0.425421
0.5,ID408,X13,1,PrivBayesEps1.0,1,0.570889,0.429111,0.167555,0.167143,0.000412,0.428699
0.5,ID408,X13,2,BayesianNet,1,0.577636,0.422364,0.483719,0.492453,-0.00873,0.431094
0.5,ID408,X13,2,IndependentHistogram,1,0.577636,0.422364,0.344763,0.343798,0.000965,0.421399
0.5,ID408,X13,2,PrivBayesEps1.0,1,0.577636,0.422364,0.168789,0.173062,-0.00427,0.426634
0.5,ID408,X13,3,BayesianNet,1,0.586401,0.413599,0.524111,0.527716,-0.00361,0.417209
0.5,ID408,X13,3,IndependentHistogram,1,0.586401,0.413599,0.355612,0.352549,0.003062,0.410537
0.5,ID408,X13,3,PrivBayesEps1.0,1,0.586401,0.413599,0.160615,0.170667,-0.01005,0.423649
0.5,ID408,X13,4,BayesianNet,1,0.60119,0.39881,0.511041,0.519564,-0.00852,0.40733
0.5,ID408,X13,4,IndependentHistogram,1,0.60119,0.39881,0.351845,0.347362,0.004484,0.394326
0.5,ID408,X13,4,PrivBayesEps1.0,1,0.60119,0.39881,0.170651,0.176016,-0.00537,0.40418
0.5,ID408,X13,5,BayesianNet,1,0.556065,0.443935,0.489662,0.485812,0.00385,0.440085
0.5,ID408,X13,5,IndependentHistogram,1,0.556065,0.443935,0.343953,0.333269,0.010684,0.433251
0.5,ID408,X13,5,PrivBayesEps1.0,1,0.556065,0.443935,0.172732,0.163111,0.00962,0.434315
0.5,ID408,X13,6,BayesianNet,1,0.559972,0.440028,0.511274,0.509401,0.001873,0.438155
0.5,ID408,X13,6,IndependentHistogram,1,0.559972,0.440028,0.343624,0.346048,-0.00242,0.442448
0.5,ID408,X13,6,PrivBayesEps1.0,1,0.559972,0.440028,0.169596,0.169287,0.000309,0.439719
0.5,ID408,X13,7,BayesianNet,1,0.582106,0.417894,0.511818,0.520866,-0.00905,0.426944
0.5,ID408,X13,7,IndependentHistogram,1,0.582106,0.417894,0.359756,0.361683,-0.00193,0.419824
0.5,ID408,X13,7,PrivBayesEps1.0,1,0.582106,0.417894,0.173934,0.16816,0.005774,0.41212
0.5,ID408,X13,8,BayesianNet,1,0.582467,0.417533,0.543633,0.54604,-0.00241,0.419943
0.5,ID408,X13,8,IndependentHistogram,1,0.582467,0.417533,0.358497,0.359126,-0.00063,0.418163
0.5,ID408,X13,8,PrivBayesEps1.0,1,0.582467,0.417533,0.16469,0.170498,-0.00581,0.423343
0.5,ID408,X13,9,BayesianNet,1,0.636857,0.363143,0.532203,0.534015,-0.00181,0.364953
0.5,ID408,X13,9,IndependentHistogram,1,0.636857,0.363143,0.339199,0.340715,-0.00152,0.364663
0.5,ID408,X13,9,PrivBayesEps1.0,1,0.636857,0.363143,0.168408,0.164395,0.004013,0.35913
0.5,ID624,X11,0,BayesianNet,1,0.026855,0.973145,0.080128,0.070114,0.010014,0.963131
0.5,ID624,X11,0,IndependentHistogram,1,0.026855,0.973145,0.333115,0.33695,-0.00384,0.976985
0.5,ID624,X11,0,PrivBayesEps1.0,1,0.026855,0.973145,0.175118,0.168006,0.007112,0.966033
0.5,ID624,X11,1,BayesianNet,1,0.058003,0.941997,0.119402,0.113838,0.005564,0.936433
0.5,ID624,X11,1,IndependentHistogram,1,0.058003,0.941997,0.334268,0.337881,-0.00361,0.945607
0.5,ID624,X11,1,PrivBayesEps1.0,1,0.058003,0.941997,0.164517,0.174353,-0.00984,0.951837
0.5,ID624,X11,2,BayesianNet,1,0.032047,0.967953,0.09045,0.081796,0.008654,0.959299
0.5,ID624,X11,2,IndependentHistogram,1,0.032047,0.967953,0.35209,0.351429,0.000661,0.967292
0.5,ID624,X11,2,PrivBayesEps1.0,1,0.032047,0.967953,0.166672,0.171155,-0.00448,0.972433
0.5,ID624,X11,3,BayesianNet,1,0.033139,0.966861,0.066947,0.066612,0.000334,0.966527
0.5,ID624,X11,3,IndependentHistogram,1,0.033139,0.966861,0.3456,0.341744,0.003856,0.963005
0.5,ID624,X11,3,PrivBayesEps1.0,1,0.033139,0.966861,0.175005,0.172405,0.002599,0.964262
0.5,ID624,X11,4,BayesianNet,1,0.032162,0.967838,0.076202,0.072255,0.003947,0.963891
0.5,ID624,X11,4,IndependentHistogram,1,0.032162,0.967838,0.342686,0.352996,-0.01031,0.978148
0.5,ID624,X11,4,PrivBayesEps1.0,1,0.032162,0.967838,0.171151,0.165064,0.006086,0.961752
0.5,ID624,X11,5,BayesianNet,1,0.057059,0.942941,0.093425,0.086164,0.007261,0.93568
0.5,ID624,X11,5,IndependentHistogram,1,0.057059,0.942941,0.340582,0.33717,0.003413,0.939528
0.5,ID624,X11,5,PrivBayesEps1.0,1,0.057059,0.942941,0.176422,0.164439,0.011983,0.930958
0.5,ID624,X11,6,BayesianNet,1,0.044951,0.955049,0.115342,0.11024,0.005101,0.949948
0.5,ID624,X11,6,IndependentHistogram,1,0.044951,0.955049,0.358497,0.353636,0.004861,0.950188
0.5,ID624,X11,6,PrivBayesEps1.0,1,0.044951,0.955049,0.165369,0.177501,-0.01213,0.967179
0.5,ID624,X11,7,BayesianNet,1,0.053958,0.946042,0.115142,0.092631,0.02251,0.923532
0.5,ID624,X11,7,IndependentHistogram,1,0.053958,0.946042,0.34789,0.340513,0.007377,0.938665
0.5,ID624,X11,7,PrivBayesEps1.0,1,0.053958,0.946042,0.167679,0.165561,0.002117,0.943925
0.5,ID624,X11,8,BayesianNet,1,0.034052,0.965948,0.103616,0.083649,0.019966,0.945982
0.5,ID624,X11,8,IndependentHistogram,1,0.034052,0.965948,0.338709,0.330984,0.007725,0.958223
0.5,ID624,X11,8,PrivBayesEps1.0,1,0.034052,0.965948,0.168072,0.172752,-0.00468,0.970628
0.5,ID624,X11,9,BayesianNet,1,0.029522,0.970478,0.074823,0.071188,0.003635,0.966843
0.5,ID624,X11,9,IndependentHistogram,1,0.029522,0.970478,0.33889,0.344968,-0.00608,0.976558
0.5,ID624,X11,9,PrivBayesEps1.0,1,0.029522,0.970478,0.164259,0.166984,-0.00273,0.973208
0.5,ID624,X13,0,BayesianNet,1,0.416243,0.583757,0.567405,0.551262,0.016144,0.567613
0.5,ID624,X13,0,IndependentHistogram,1,0.416243,0.583757,0.359836,0.36543,-0.00559,0.589347
0.5,ID624,X13,0,PrivBayesEps1.0,1,0.416243,0.583757,0.168588,0.166282,0.002306,0.581451
0.5,ID624,X13,1,BayesianNet,1,0.466008,0.533992,0.575867,0.583004,-0.00714,0.541132
0.5,ID624,X13,1,IndependentHistogram,1,0.466008,0.533992,0.355846,0.349214,0.006632,0.52736
0.5,ID624,X13,1,PrivBayesEps1.0,1,0.466008,0.533992,0.164011,0.167609,-0.0036,0.537592
0.5,ID624,X13,2,BayesianNet,1,0.292466,0.707534,0.583405,0.584525,-0.00112,0.708654
0.5,ID624,X13,2,IndependentHistogram,1,0.292466,0.707534,0.341924,0.344114,-0.00219,0.709724
0.5,ID624,X13,2,PrivBayesEps1.0,1,0.292466,0.707534,0.161739,0.173136,-0.0114,0.718934
0.5,ID624,X13,3,BayesianNet,1,0.430486,0.569514,0.578858,0.568023,0.010835,0.558679
0.5,ID624,X13,3,IndependentHistogram,1,0.430486,0.569514,0.355626,0.352072,0.003554,0.56596
0.5,ID624,X13,3,PrivBayesEps1.0,1,0.430486,0.569514,0.159818,0.17068,-0.01086,0.580374
0.5,ID624,X13,4,BayesianNet,1,0.405803,0.594197,0.538523,0.55133,-0.01281,0.607007
0.5,ID624,X13,4,IndependentHistogram,1,0.405803,0.594197,0.346133,0.346732,-0.0006,0.594797
0.5,ID624,X13,4,PrivBayesEps1.0,1,0.405803,0.594197,0.161979,0.176062,-0.01408,0.608277
0.5,ID624,X13,5,BayesianNet,1,0.396574,0.603426,0.530153,0.545233,-0.01508,0.618506
0.5,ID624,X13,5,IndependentHistogram,1,0.396574,0.603426,0.335617,0.333611,0.002006,0.60142
0.5,ID624,X13,5,PrivBayesEps1.0,1,0.396574,0.603426,0.15878,0.161608,-0.00283,0.606256
0.5,ID624,X13,6,BayesianNet,1,0.358307,0.641693,0.576844,0.587849,-0.011,0.652693
0.5,ID624,X13,6,IndependentHistogram,1,0.358307,0.641693,0.344686,0.346953,-0.00227,0.643963
0.5,ID624,X13,6,PrivBayesEps1.0,1,0.358307,0.641693,0.169386,0.169188,0.000198,0.641495
0.5,ID624,X13,7,BayesianNet,1,0.459814,0.540186,0.552498,0.560899,-0.0084,0.548586
0.5,ID624,X13,7,IndependentHistogram,1,0.459814,0.540186,0.355794,0.360631,-0.00484,0.545026
0.5,ID624,X13,7,PrivBayesEps1.0,1,0.459814,0.540186,0.164637,0.168076,-0.00344,0.543626
0.5,ID624,X13,8,BayesianNet,1,0.405138,0.594862,0.606619,0.605361,0.001259,0.593603
0.5,ID624,X13,8,IndependentHistogram,1,0.405138,0.594862,0.361211,0.358856,0.002356,0.592506
0.5,ID624,X13,8,PrivBayesEps1.0,1,0.405138,0.594862,0.170944,0.170234,0.00071,0.594152
0.5,ID624,X13,9,BayesianNet,1,0.430788,0.569212,0.536039,0.535491,0.000549,0.568663
0.5,ID624,X13,9,IndependentHistogram,1,0.430788,0.569212,0.330139,0.335441,-0.0053,0.574512
0.5,ID624,X13,9,PrivBayesEps1.0,1,0.430788,0.569212,0.182362,0.16458,0.017783,0.551429
0.5,ID742,X11,0,BayesianNet,1,0.547345,0.452655,0.553973,0.547823,0.006151,0.446504
0.5,ID742,X11,0,IndependentHistogram,1,0.547345,0.452655,0.315069,0.309321,0.005748,0.446907
0.5,ID742,X11,0,PrivBayesEps1.0,1,0.547345,0.452655,0.172106,0.16952,0.002586,0.450069
0.5,ID742,X11,1,BayesianNet,1,0.60479,0.39521,0.551867,0.565789,-0.01392,0.40913
0.5,ID742,X11,1,IndependentHistogram,1,0.60479,0.39521,0.321099,0.319039,0.00206,0.39315
0.5,ID742,X11,1,PrivBayesEps1.0,1,0.60479,0.39521,0.165696,0.175435,-0.00974,0.40495
0.5,ID742,X11,2,BayesianNet,1,0.506959,0.493041,0.568121,0.579314,-0.01119,0.504231
0.5,ID742,X11,2,IndependentHistogram,1,0.506959,0.493041,0.324366,0.322414,0.001952,0.491089
0.5,ID742,X11,2,PrivBayesEps1.0,1,0.506959,0.493041,0.165585,0.179125,-0.01354,0.506581
0.5,ID742,X11,3,BayesianNet,1,0.516934,0.483066,0.565956,0.556369,0.009587,0.473479
0.5,ID742,X11,3,IndependentHistogram,1,0.516934,0.483066,0.30437,0.310345,-0.00598,0.489046
0.5,ID742,X11,3,PrivBayesEps1.0,1,0.516934,0.483066,0.165757,0.170515,-0.00476,0.487826
0.5,ID742,X11,4,BayesianNet,1,0.498679,0.501321,0.556463,0.545921,0.010542,0.490779
0.5,ID742,X11,4,IndependentHistogram,1,0.498679,0.501321,0.308945,0.316174,-0.00723,0.508551
0.5,ID742,X11,4,PrivBayesEps1.0,1,0.498679,0.501321,0.162843,0.162866,-2.30E-05,5.01E-01
0.5,ID742,X11,5,BayesianNet,1,0.550829,0.449171,0.54631,0.536593,0.009717,0.439454
0.5,ID742,X11,5,IndependentHistogram,1,0.550829,0.449171,0.311709,0.316446,-0.00474,0.453911
0.5,ID742,X11,5,PrivBayesEps1.0,1,0.550829,0.449171,0.170062,0.164727,0.005335,0.443836
0.5,ID742,X11,6,BayesianNet,1,0.564915,0.435085,0.577934,0.584202,-0.00627,0.441355
0.5,ID742,X11,6,IndependentHistogram,1,0.564915,0.435085,0.310366,0.3163,-0.00593,0.441015
0.5,ID742,X11,6,PrivBayesEps1.0,1,0.564915,0.435085,0.172816,0.173875,-0.00106,0.436145
0.5,ID742,X11,7,BayesianNet,1,0.561517,0.438483,0.559274,0.566893,-0.00762,0.446103
0.5,ID742,X11,7,IndependentHistogram,1,0.561517,0.438483,0.320297,0.315311,0.004986,0.433497
0.5,ID742,X11,7,PrivBayesEps1.0,1,0.561517,0.438483,0.172885,0.162599,0.010285,0.428198
0.5,ID742,X11,8,BayesianNet,1,0.578342,0.421658,0.563674,0.559652,0.004022,0.417636
0.5,ID742,X11,8,IndependentHistogram,1,0.578342,0.421658,0.323636,0.308674,0.014963,0.406695
0.5,ID742,X11,8,PrivBayesEps1.0,1,0.578342,0.421658,0.160247,0.164129,-0.00388,0.425538
0.5,ID742,X11,9,BayesianNet,1,0.572166,0.427834,0.555966,0.563715,-0.00775,0.435584
0.5,ID742,X11,9,IndependentHistogram,1,0.572166,0.427834,0.318901,0.321141,-0.00224,0.430074
0.5,ID742,X11,9,PrivBayesEps1.0,1,0.572166,0.427834,0.181001,0.167768,0.013233,0.414601
0.5,ID742,X13,0,BayesianNet,1,0.357257,0.642743,0.360884,0.392301,-0.03142,0.674163
0.5,ID742,X13,0,IndependentHistogram,1,0.357257,0.642743,0.289505,0.298701,-0.0092,0.651943
0.5,ID742,X13,0,PrivBayesEps1.0,1,0.357257,0.642743,0.163183,0.166472,-0.00329,0.646033
0.5,ID742,X13,1,BayesianNet,1,0.290804,0.709196,0.319365,0.308942,0.010423,0.698773
0.5,ID742,X13,1,IndependentHistogram,1,0.290804,0.709196,0.277209,0.281199,-0.00399,0.713186
0.5,ID742,X13,1,PrivBayesEps1.0,1,0.290804,0.709196,0.168784,0.161524,0.00726,0.701936
0.5,ID742,X13,2,BayesianNet,1,0.197827,0.802173,0.237061,0.231302,0.00576,0.796413
0.5,ID742,X13,2,IndependentHistogram,1,0.197827,0.802173,0.298072,0.288441,0.009631,0.792542
0.5,ID742,X13,2,PrivBayesEps1.0,1,0.197827,0.802173,0.171599,0.169384,0.002215,0.799958
0.5,ID742,X13,3,BayesianNet,1,0.316663,0.683337,0.345011,0.326751,0.01826,0.665077
0.5,ID742,X13,3,IndependentHistogram,1,0.316663,0.683337,0.283583,0.286083,-0.0025,0.685837
0.5,ID742,X13,3,PrivBayesEps1.0,1,0.316663,0.683337,0.167769,0.167821,-5.20E-05,6.83E-01
0.5,ID742,X13,4,BayesianNet,1,0.335776,0.664224,0.328294,0.335765,-0.00747,0.671694
0.5,ID742,X13,4,IndependentHistogram,1,0.335776,0.664224,0.278112,0.273641,0.004471,0.659753
0.5,ID742,X13,4,PrivBayesEps1.0,1,0.335776,0.664224,0.165435,0.16689,-0.00146,0.665684
0.5,ID742,X13,5,BayesianNet,1,0.274732,0.725268,0.273061,0.26371,0.009352,0.715916
0.5,ID742,X13,5,IndependentHistogram,1,0.274732,0.725268,0.273999,0.281925,-0.00793,0.733198
0.5,ID742,X13,5,PrivBayesEps1.0,1,0.274732,0.725268,0.151401,0.157054,-0.00565,0.730918
0.5,ID742,X13,6,BayesianNet,1,0.266059,0.733941,0.30339,0.291834,0.011557,0.722384
0.5,ID742,X13,6,IndependentHistogram,1,0.266059,0.733941,0.28541,0.297131,-0.01172,0.745661
0.5,ID742,X13,6,PrivBayesEps1.0,1,0.266059,0.733941,0.158186,0.156855,0.00133,0.732611
0.5,ID742,X13,7,BayesianNet,1,0.338797,0.661203,0.348617,0.327189,0.021428,0.639775
0.5,ID742,X13,7,IndependentHistogram,1,0.338797,0.661203,0.27756,0.271578,0.005982,0.655221
0.5,ID742,X13,7,PrivBayesEps1.0,1,0.338797,0.661203,0.169719,0.158366,0.011353,0.64985
0.5,ID742,X13,8,BayesianNet,1,0.30692,0.69308,0.348908,0.351165,-0.00226,0.69534
0.5,ID742,X13,8,IndependentHistogram,1,0.30692,0.69308,0.303283,0.285746,0.017538,0.675542
0.5,ID742,X13,8,PrivBayesEps1.0,1,0.30692,0.69308,0.165313,0.165857,-0.00054,0.69362
0.5,ID742,X13,9,BayesianNet,1,0.323316,0.676684,0.333395,0.321377,0.012017,0.664667
0.5,ID742,X13,9,IndependentHistogram,1,0.323316,0.676684,0.24673,0.270734,-0.024,0.700684
0.5,ID742,X13,9,PrivBayesEps1.0,1,0.323316,0.676684,0.164399,0.162628,0.001771,0.674913
0.5,ID926,X11,0,BayesianNet,1,0.028485,0.971515,0.007194,0.006044,0.00115,0.970365
0.5,ID926,X11,0,IndependentHistogram,1,0.028485,0.971515,0.071077,0.067712,0.003366,0.968149
0.5,ID926,X11,0,PrivBayesEps1.0,1,0.028485,0.971515,0.109818,0.121296,-0.01148,0.982995
0.5,ID926,X11,1,BayesianNet,1,0.022877,0.977123,0.007672,0.006037,0.001635,0.975488
0.5,ID926,X11,1,IndependentHistogram,1,0.022877,0.977123,0.068044,0.076812,-0.00877,0.985893
0.5,ID926,X11,1,PrivBayesEps1.0,1,0.022877,0.977123,0.117119,0.130834,-0.01371,0.990833
0.5,ID926,X11,2,BayesianNet,1,0.037359,0.962641,0.003505,0.002984,0.000521,0.96212
0.5,ID926,X11,2,IndependentHistogram,1,0.037359,0.962641,0.068555,0.061401,0.007154,0.955487
0.5,ID926,X11,2,PrivBayesEps1.0,1,0.037359,0.962641,0.106941,0.139471,-0.03253,0.995171
0.5,ID926,X11,3,BayesianNet,1,0.02348,0.97652,0.003434,0.003214,0.00022,0.9763
0.5,ID926,X11,3,IndependentHistogram,1,0.02348,0.97652,0.069025,0.06684,0.002185,0.974335
0.5,ID926,X11,3,PrivBayesEps1.0,1,0.02348,0.97652,0.113864,0.103902,0.009962,0.966558
0.5,ID926,X11,4,BayesianNet,1,0.032708,0.967292,0.005324,0.004259,0.001064,0.966228
0.5,ID926,X11,4,IndependentHistogram,1,0.032708,0.967292,0.064096,0.059395,0.004701,0.962591
0.5,ID926,X11,4,PrivBayesEps1.0,1,0.032708,0.967292,0.127413,0.115564,0.011849,0.955443
0.5,ID926,X11,5,BayesianNet,1,0.038389,0.961611,0.006298,0.005229,0.001069,0.960542
0.5,ID926,X11,5,IndependentHistogram,1,0.038389,0.961611,0.070206,0.071085,-0.00088,0.962491
0.5,ID926,X11,5,PrivBayesEps1.0,1,0.038389,0.961611,0.118004,0.123024,-0.00502,0.966631
0.5,ID926,X11,6,BayesianNet,1,0.031652,0.968348,0.007264,0.006141,0.001124,0.967224
0.5,ID926,X11,6,IndependentHistogram,1,0.031652,0.968348,0.068284,0.058833,0.009451,0.958897
0.5,ID926,X11,6,PrivBayesEps1.0,1,0.031652,0.968348,0.118866,0.116372,0.002495,0.965853
0.5,ID926,X11,7,BayesianNet,1,0.028545,0.971455,0.004265,0.004977,-0.00071,0.972165
0.5,ID926,X11,7,IndependentHistogram,1,0.028545,0.971455,0.067983,0.073769,-0.00579,0.977245
0.5,ID926,X11,7,PrivBayesEps1.0,1,0.028545,0.971455,0.115945,0.110972,0.004973,0.966482
0.5,ID926,X11,8,BayesianNet,1,0.038861,0.961139,0.008219,0.006225,0.001994,0.959145
0.5,ID926,X11,8,IndependentHistogram,1,0.038861,0.961139,0.078498,0.072244,0.006255,0.954884
0.5,ID926,X11,8,PrivBayesEps1.0,1,0.038861,0.961139,0.113281,0.111504,0.001778,0.959361
0.5,ID926,X11,9,BayesianNet,1,0.029959,0.970041,0.003532,0.004108,-0.00058,0.970621
0.5,ID926,X11,9,IndependentHistogram,1,0.029959,0.970041,0.072211,0.070278,0.001932,0.968109
0.5,ID926,X11,9,PrivBayesEps1.0,1,0.029959,0.970041,0.117252,0.118301,-0.00105,0.971091
0.5,ID926,X13,0,BayesianNet,1,0.459129,0.540871,0.153735,0.140233,0.013502,0.527369
0.5,ID926,X13,0,IndependentHistogram,1,0.459129,0.540871,0.245315,0.237621,0.007694,0.533177
0.5,ID926,X13,0,PrivBayesEps1.0,1,0.459129,0.540871,0.154458,0.16474,-0.01028,0.551151
0.5,ID926,X13,1,BayesianNet,1,0.352625,0.647375,0.143402,0.121793,0.021609,0.625766
0.5,ID926,X13,1,IndependentHistogram,1,0.352625,0.647375,0.248812,0.243194,0.005618,0.641757
0.5,ID926,X13,1,PrivBayesEps1.0,1,0.352625,0.647375,0.158174,0.161477,-0.0033,0.650675
0.5,ID926,X13,2,BayesianNet,1,0.562581,0.437419,0.043661,0.054352,-0.01069,0.448109
0.5,ID926,X13,2,IndependentHistogram,1,0.562581,0.437419,0.265639,0.253872,0.011767,0.425652
0.5,ID926,X13,2,PrivBayesEps1.0,1,0.562581,0.437419,0.160734,0.150825,0.009909,0.42751
0.5,ID926,X13,3,BayesianNet,1,0.412534,0.587466,0.053651,0.041839,0.011812,0.575654
0.5,ID926,X13,3,IndependentHistogram,1,0.412534,0.587466,0.240478,0.241599,-0.00112,0.588586
0.5,ID926,X13,3,PrivBayesEps1.0,1,0.412534,0.587466,0.155484,0.163179,-0.00769,0.595156
0.5,ID926,X13,4,BayesianNet,1,0.4797,0.5203,0.055448,0.053077,0.002371,0.517929
0.5,ID926,X13,4,IndependentHistogram,1,0.4797,0.5203,0.242854,0.239616,0.003238,0.517062
0.5,ID926,X13,4,PrivBayesEps1.0,1,0.4797,0.5203,0.15862,0.160674,-0.00205,0.52235
0.5,ID926,X13,5,BayesianNet,1,0.432131,0.567869,0.059229,0.048849,0.01038,0.557489
0.5,ID926,X13,5,IndependentHistogram,1,0.432131,0.567869,0.25436,0.233137,0.021223,0.546646
0.5,ID926,X13,5,PrivBayesEps1.0,1,0.432131,0.567869,0.166033,0.149001,0.017033,0.550836
0.5,ID926,X13,6,BayesianNet,1,0.516246,0.483754,0.191514,0.186539,0.004974,0.47878
0.5,ID926,X13,6,IndependentHistogram,1,0.516246,0.483754,0.252044,0.239764,0.01228,0.471474
0.5,ID926,X13,6,PrivBayesEps1.0,1,0.516246,0.483754,0.15961,0.157716,0.001894,0.48186
0.5,ID926,X13,7,BayesianNet,1,0.338957,0.661043,0.046194,0.05582,-0.00963,0.670673
0.5,ID926,X13,7,IndependentHistogram,1,0.338957,0.661043,0.232263,0.239002,-0.00674,0.667783
0.5,ID926,X13,7,PrivBayesEps1.0,1,0.338957,0.661043,0.160244,0.156476,0.003768,0.657275
0.5,ID926,X13,8,BayesianNet,1,0.484255,0.515745,0.148184,0.129507,0.018677,0.497068
0.5,ID926,X13,8,IndependentHistogram,1,0.484255,0.515745,0.246732,0.242552,0.00418,0.511565
0.5,ID926,X13,8,PrivBayesEps1.0,1,0.484255,0.515745,0.153263,0.16241,-0.00915,0.524895
0.5,ID926,X13,9,BayesianNet,1,0.338889,0.661111,0.029826,0.035908,-0.00608,0.667191
0.5,ID926,X13,9,IndependentHistogram,1,0.338889,0.661111,0.220925,0.216267,0.004657,0.656454
0.5,ID926,X13,9,PrivBayesEps1.0,1,0.338889,0.661111,0.161014,0.155005,0.006009,0.655102
